avg_collected_rewards,avg_regret,chosen_arm,iteration,regret
0.7967141530112327,0.7,0,0,0.7
0.479224925920024,0.7,0,1,1.4
0.6353794633135802,0.7000000000000002,0,2,2.1000000000000005
1.1072920615871915,0.5250000000000001,2,3,2.1000000000000005
1.039002974325086,0.4200000000000001,2,4,2.1000000000000005
0.9934796524460415,0.35000000000000026,2,5,2.1000000000000014
1.2200129614548059,0.3000000000000002,2,6,2.1000000000000014
1.2884406824170687,0.2625000000000002,2,7,2.1000000000000014
1.204227897044622,0.2333333333333335,2,8,2.1000000000000014
1.2380611116987563,0.21000000000000013,2,9,2.1000000000000014
1.1742903112886454,0.19090909090909103,2,10,2.1000000000000014
1.120955305883737,0.17500000000000013,2,11,2.1000000000000014
1.1302635340131444,0.16153846153846152,2,12,2.0999999999999996
0.9842961212509342,0.14999999999999997,2,13,2.0999999999999996
0.8370151910000031,0.1733333333333333,1,14,2.5999999999999996
0.8120587709849422,0.16249999999999998,2,15,2.5999999999999996
0.76353583620145,0.15294117647058822,2,16,2.5999999999999996
0.7941309193344402,0.14444444444444443,2,17,2.5999999999999996
0.757175393289406,0.13684210526315788,2,18,2.5999999999999996
0.6987014385581711,0.13000000000000006,2,19,2.6000000000000014
0.7828417876230941,0.12380952380952388,2,20,2.6000000000000014
0.7824500563453836,0.11818181818181825,2,21,2.6000000000000014
0.7948447584472332,0.11304347826086962,2,22,2.6000000000000014
0.7440283857530378,0.10833333333333339,2,23,2.6000000000000014
0.732491941341909,0.10400000000000005,2,24,2.6000000000000014
0.7470469662791381,0.10000000000000006,2,25,2.6000000000000014
0.713786205401307,0.09629629629629635,2,26,2.6000000000000014
0.737425913006463,0.0928571428571429,2,27,2.6000000000000014
0.7257685129055915,0.08965517241379316,2,28,2.6000000000000014
0.7018531041489626,0.11000000000000014,0,29,3.3000000000000043
0.6920608552335317,0.10645161290322594,2,30,3.3000000000000043
0.7595676467733881,0.10312500000000013,2,31,3.3000000000000043
0.7664444688488026,0.10000000000000013,2,32,3.3000000000000043
0.7422046042074878,0.09705882352941189,2,33,3.3000000000000043
0.773071470147365,0.0942857142857144,2,34,3.3000000000000043
0.7454627168107432,0.09166666666666679,2,35,3.3000000000000043
0.7579870648700407,0.0891891891891893,2,36,3.3000000000000043
0.7127855599029403,0.08684210526315801,2,37,3.3000000000000043
0.6860939801900846,0.08461538461538473,2,38,3.3000000000000043
0.6813631615820606,0.10000000000000017,0,39,4.000000000000007
0.7071461717872642,0.09756097560975627,2,40,4.000000000000007
0.7062943172492334,0.10714285714285732,1,41,4.500000000000007
0.7104351870251062,0.10465116279069776,2,42,4.5000000000000036
0.7101729396929609,0.10227272727272728,2,43,4.5
0.6726463856916189,0.1111111111111111,1,44,5.0
0.664113981472351,0.10869565217391297,2,45,4.9999999999999964
0.6614596675908161,0.1063829787234041,2,46,4.999999999999993
0.6905359708955682,0.10416666666666652,2,47,4.999999999999993
0.7038641814807293,0.10204081632653046,2,48,4.999999999999993
0.67452609474386,0.09999999999999985,2,49,4.999999999999993
0.6872625236585842,0.09803921568627437,2,50,4.999999999999993
0.6858712774263747,0.09615384615384588,2,51,4.999999999999986
0.6790261212427458,0.09433962264150916,2,52,4.999999999999986
0.696297420642711,0.09259259259259232,2,53,4.999999999999986
0.7205647315854973,0.09090909090909065,2,54,4.999999999999986
0.742184649219974,0.08928571428571404,2,55,4.999999999999986
0.7319846111069457,0.08771929824561378,2,56,4.999999999999986
0.7312743182283568,0.0862068965517239,2,57,4.999999999999986
0.7414436252313263,0.08474576271186417,2,58,4.999999999999986
0.7620119835961768,0.08333333333333309,2,59,4.999999999999986
0.7580581111135298,0.08196721311475387,2,60,4.999999999999986
0.7589659000203468,0.08064516129032236,2,61,4.999999999999986
0.7452309655119917,0.07936507936507914,2,62,4.999999999999986
0.7305210031746063,0.07812499999999978,2,63,4.999999999999986
0.7471672311626001,0.0769230769230767,2,64,4.999999999999986
0.7715471220324216,0.07575757575757554,2,65,4.999999999999986
0.7664194019784999,0.08208955223880576,1,66,5.499999999999986
0.7846122475066399,0.08088235294117627,2,67,5.499999999999986
0.792974910949263,0.07971014492753603,2,68,5.499999999999986
0.7867164157270574,0.07857142857142836,2,69,5.499999999999986
0.7948104888225694,0.07746478873239417,2,70,5.499999999999986
0.8120775176787278,0.08333333333333323,1,71,5.999999999999993
0.8073117155309377,0.08904109589041086,1,72,6.499999999999993
0.8310594444536819,0.08783783783783784,2,73,6.5
0.7983820504731028,0.08666666666666667,2,74,6.5
0.8118494248665518,0.08552631578947359,2,75,6.499999999999993
0.8154234202350144,0.08441558441558442,2,76,6.5
0.8139563590721826,0.08333333333333333,2,77,6.5
0.8174728706856423,0.08227848101265822,2,78,6.5
0.7949098483695607,0.0812499999999999,2,79,6.499999999999993
0.7947298269349055,0.08024691358024691,2,80,6.5
0.8015881530882816,0.07926829268292683,2,81,6.5
0.8217846096142242,0.0783132530120482,2,82,6.5
0.8177363378536543,0.07738095238095238,2,83,6.5
0.8103689267860443,0.07647058823529412,2,84,6.5
0.8067395550375492,0.0755813953488372,2,85,6.5
0.8194828028842679,0.07471264367816093,2,86,6.5
0.8252699427339885,0.07386363636363637,2,87,6.5
0.821280839964314,0.07303370786516854,2,88,6.5
0.8289695798881922,0.07222222222222222,2,89,6.5
0.831915821310828,0.07142857142857142,2,90,6.5
0.8442715731501983,0.07065217391304347,2,91,6.5
0.8383971143649558,0.06989247311827956,2,92,6.5
0.8366305264823736,0.06914893617021277,2,93,6.5
0.8342227509074838,0.06842105263157895,2,94,6.5
0.8207046498758213,0.06770833333333333,2,95,6.5
0.8204512027334373,0.07216494845360824,1,96,7.0
0.824947162625748,0.07142857142857142,2,97,7.0
0.8267670241814724,0.0707070707070707,2,98,7.0
0.8261534826059063,0.07,2,99,7.0
0.813861163549903,0.06930693069306931,2,100,7.0
0.8115620803507338,0.06862745098039216,2,101,7.0
0.8100642493130882,0.06796116504854369,2,102,7.0
0.8041763500964083,0.0673076923076923,2,103,7.0
0.8045052828415281,0.06666666666666667,2,104,7.0
0.8101613731620282,0.0660377358490566,2,105,7.0
0.8295634715550049,0.06542056074766354,2,106,7.0
0.8262765673075682,0.07129629629629632,0,107,7.700000000000003
0.830233207889359,0.07064220183486242,2,108,7.700000000000003
0.8310997613106724,0.07000000000000002,2,109,7.700000000000003
0.8153351579177921,0.0693693693693694,2,110,7.700000000000003
0.8167472201198723,0.06875000000000002,2,111,7.700000000000003
0.8189019368439534,0.068141592920354,2,112,7.700000000000003
0.8420979032969476,0.06754385964912284,2,113,7.700000000000003
0.841798260965834,0.06695652173913046,2,114,7.700000000000003
0.84145127028797,0.07068965517241382,1,115,8.200000000000003
0.8425097058435835,0.07008547008547011,2,116,8.200000000000003
0.8339403181871164,0.06949152542372884,2,117,8.200000000000003
0.8449393307613005,0.0689075630252101,2,118,8.200000000000003
0.8524976116106795,0.06833333333333336,2,119,8.200000000000003
0.8602540937216908,0.06776859504132234,2,120,8.200000000000003
0.8539455564387692,0.06721311475409839,2,121,8.200000000000003
0.8665378227354955,0.0666666666666667,2,122,8.200000000000003
0.8522766220457555,0.07016129032258067,1,123,8.700000000000003
0.8525532658197916,0.07520000000000004,0,124,9.400000000000006
0.8711080464546344,0.07460317460317464,2,125,9.400000000000006
0.8643234451035687,0.0740157480314961,2,126,9.400000000000006
0.8609592171761755,0.07343750000000004,2,127,9.400000000000006
0.8628095439041713,0.0728682170542636,2,128,9.400000000000006
0.8599919654578608,0.07230769230769235,2,129,9.400000000000006
0.8492236036523342,0.07175572519083974,2,130,9.400000000000006
0.8508852655550136,0.07121212121212125,2,131,9.400000000000006
0.8402597845077872,0.07443609022556395,1,132,9.900000000000006
0.8449861475385886,0.07388059701492541,2,133,9.900000000000006
0.8393238484143487,0.07333333333333338,2,134,9.900000000000006
0.8519018672129015,0.07279411764705887,2,135,9.900000000000006
0.8472656981650976,0.07226277372262778,2,136,9.900000000000006
0.8460386893653093,0.07173913043478265,2,137,9.900000000000006
0.8529989665451968,0.07122302158273396,2,138,9.90000000000002
0.8452570859524886,0.07071428571428585,2,139,9.90000000000002
0.847967744453564,0.07021276595744695,2,140,9.90000000000002
0.8582436248044715,0.06971830985915517,2,141,9.900000000000034
0.847993786627089,0.06923076923076957,2,142,9.900000000000048
0.8503315649042086,0.06875000000000024,2,143,9.900000000000034
0.8531560561410653,0.06827586206896576,2,144,9.900000000000034
0.8595167877550121,0.06780821917808243,2,145,9.900000000000034
0.8520578251792769,0.06734693877551035,2,146,9.90000000000002
0.8441354303261447,0.06689189189189203,2,147,9.90000000000002
0.8486844647911833,0.06644295302013427,2,148,9.900000000000006
0.8516731328474634,0.06600000000000013,2,149,9.90000000000002
0.854314323029572,0.0655629139072848,2,150,9.900000000000006
0.8575520459668575,0.06513157894736846,2,151,9.900000000000006
0.8540384723227703,0.06470588235294121,2,152,9.900000000000006
0.8564944153412004,0.06428571428571432,2,153,9.900000000000006
0.8593110479731841,0.06387096774193551,2,154,9.900000000000006
0.8556337244731872,0.0634615384615385,2,155,9.900000000000006
0.86843716897428,0.06305732484076437,2,156,9.900000000000006
0.8722687876574287,0.06265822784810131,2,157,9.900000000000006
0.8655796537903842,0.06226415094339626,2,158,9.900000000000006
0.8705232410081557,0.061875000000000034,2,159,9.900000000000006
0.8652735210625938,0.0614906832298137,2,160,9.900000000000006
0.8709637129309878,0.061111111111111144,2,161,9.900000000000006
0.8788632949314567,0.06073619631901844,2,162,9.900000000000006
0.8745977728992422,0.06036585365853662,2,163,9.900000000000006
0.881196429604364,0.06000000000000003,2,164,9.900000000000006
0.8843987458533528,0.059638554216867506,2,165,9.900000000000006
0.8900134848601859,0.059281437125748536,2,166,9.900000000000006
0.9019586009184821,0.05892857142857146,2,167,9.900000000000006
0.9010867268538588,0.05857988165680477,2,168,9.900000000000006
0.8942936510232038,0.061176470588235325,1,169,10.400000000000006
0.8897099780369538,0.06081871345029243,2,170,10.400000000000006
0.8856081160427539,0.0604651162790698,2,171,10.400000000000006
0.8858236661846217,0.06011560693641622,2,172,10.400000000000006
0.8884404955445759,0.05977011494252877,2,173,10.400000000000006
0.8878019258519214,0.06228571428571432,1,174,10.900000000000006
0.8931393197336491,0.06193181818181821,2,175,10.900000000000006
0.8938165094067806,0.06158192090395483,2,176,10.900000000000006
0.9025789676525701,0.061235955056179806,2,177,10.900000000000006
0.9016446894353046,0.060893854748603385,2,178,10.900000000000006
0.9173031587528285,0.060555555555555585,2,179,10.900000000000006
0.9212167730567633,0.06022099447513815,2,180,10.900000000000006
0.9169399910266917,0.05989010989010992,2,181,10.900000000000006
0.9115419992830425,0.05956284153005468,2,182,10.900000000000006
0.914644881978478,0.05923913043478264,2,183,10.900000000000006
0.9101145702633195,0.06270270270270267,0,184,11.599999999999994
0.9144365375957323,0.06236559139784943,2,185,11.599999999999994
0.9174247787025656,0.062032085561497294,2,186,11.599999999999994
0.9174766207698026,0.06170212765957444,2,187,11.599999999999994
0.9134328623632514,0.06137566137566135,2,188,11.599999999999994
0.9059155987472034,0.06105263157894734,2,189,11.599999999999994
0.9040704126172859,0.06073298429319369,2,190,11.599999999999994
0.9090304562720056,0.06041666666666664,2,191,11.599999999999994
0.9106110950691984,0.06010362694300515,2,192,11.599999999999994
0.9046505287095015,0.05979381443298966,2,193,11.599999999999994
0.9060276076692023,0.05948717948717946,2,194,11.599999999999994
0.9084729636490985,0.05918367346938773,2,195,11.599999999999994
0.9044509819239703,0.05888324873096444,2,196,11.599999999999994
0.9057099421463015,0.058585858585858554,2,197,11.599999999999994
0.9064762676553452,0.05829145728643213,2,198,11.599999999999994
0.9012290348279153,0.05799999999999997,2,199,11.599999999999994
0.9035004692832405,0.05771144278606962,2,200,11.599999999999994
0.9032890042193048,0.060891089108910806,0,201,12.299999999999983
0.9091006408644081,0.06059113300492602,2,202,12.299999999999983
0.9147119222917145,0.06029411764705874,2,203,12.299999999999983
0.9084076233148911,0.059999999999999915,2,204,12.299999999999983
0.9042996977652309,0.059708737864077585,2,205,12.299999999999983
0.9072501111441846,0.05942028985507252,2,206,12.300000000000011
0.910166148835377,0.05913461538461544,2,207,12.300000000000011
0.9130603188711219,0.05885167464114838,2,208,12.300000000000011
0.9318206577843772,0.05857142857142863,2,209,12.300000000000011
0.9348494248597743,0.058293838862559295,2,210,12.300000000000011
0.9405131805924197,0.05801886792452836,2,211,12.300000000000011
0.9452713429534563,0.05774647887323949,2,212,12.300000000000011
0.9485709686934205,0.05747663551401874,2,213,12.300000000000011
0.9473438049104728,0.05720930232558145,2,214,12.300000000000011
0.9511013299826153,0.0569444444444445,2,215,12.300000000000011
0.9477652629571767,0.05668202764976964,2,216,12.300000000000011
0.9469185479585658,0.056422018348623905,2,217,12.300000000000011
0.9449446571102202,0.05616438356164389,2,218,12.300000000000011
0.9455670638478388,0.055909090909090964,2,219,12.300000000000011
0.9562869349013486,0.05565610859728512,2,220,12.300000000000011
0.9449195829757041,0.05855855855855856,0,221,13.0
0.9482439803182997,0.05829596412556054,2,222,13.0
0.9412754095526391,0.05803571428571429,2,223,13.0
0.939438932773341,0.057777777777777775,2,224,13.0
0.9445252675706598,0.05752212389380531,2,225,13.0
0.9450528215421347,0.05726872246696035,2,226,13.0
0.940566867158488,0.05701754385964912,2,227,13.0
0.9355193973924687,0.05895196506550218,1,228,13.5
0.9387545206600434,0.058695652173913045,2,229,13.5
0.9358578922947742,0.05844155844155844,2,230,13.5
0.9370673780589432,0.05818965517241379,2,231,13.5
0.9375330624445435,0.05793991416309013,2,232,13.5
0.9350153982990291,0.057692307692307696,2,233,13.5
0.9444150948565878,0.0574468085106383,2,234,13.5
0.9473367216678651,0.057203389830508475,2,235,13.5
0.9390140241643821,0.056962025316455694,2,236,13.5
0.9400536892509579,0.05672268907563025,2,237,13.5
0.9375355296107095,0.056485355648535567,2,238,13.5
0.9413476037989825,0.05625,2,239,13.5
0.9383025069432493,0.056016597510373446,2,240,13.5
0.938083337734943,0.05578512396694215,2,241,13.5
0.9404162757647598,0.05555555555555555,2,242,13.5
0.9442086483811754,0.055327868852459015,2,243,13.5
0.9395371991753102,0.05510204081632653,2,244,13.5
0.9384232217971953,0.054878048780487805,2,245,13.5
0.9367496649835996,0.05465587044534413,2,246,13.5
0.9343703145902232,0.05443548387096774,2,247,13.5
0.9417240652958091,0.05421686746987952,2,248,13.5
0.9435770958784697,0.054,2,249,13.5
0.9387784462760254,0.053784860557768925,2,250,13.5
0.9426636982632427,0.05357142857142857,2,251,13.5
0.9512782931199596,0.0533596837944664,2,252,13.5
0.9555349347240193,0.0531496062992126,2,253,13.5
0.9497509939370467,0.052941176470588235,2,254,13.5
0.9480557397698463,0.05273437500000011,2,255,13.500000000000028
0.9531874728804174,0.052529182879377544,2,256,13.500000000000028
0.9506260118784825,0.052325581395348944,2,257,13.500000000000028
0.952530233562914,0.052123552123552234,2,258,13.500000000000028
0.955692171331631,0.05192307692307703,2,259,13.500000000000028
0.9523104753817854,0.05172413793103459,2,260,13.500000000000028
0.9522653004526114,0.051526717557252126,2,261,13.500000000000057
0.9401225907928331,0.05133079847908756,2,262,13.500000000000028
0.9364691429438666,0.051136363636363855,2,263,13.500000000000057
0.9357557946633496,0.0509433962264152,2,264,13.500000000000028
0.9313064000143714,0.05075187969924823,2,265,13.500000000000028
0.9376775794297919,0.0505617977528091,2,266,13.500000000000028
0.9325737773499768,0.05037313432835831,2,267,13.500000000000028
0.9311885793423673,0.05018587360594806,2,268,13.500000000000028
0.931927660816233,0.05,2,269,13.5
0.9374972018798857,0.049815498154981444,2,270,13.499999999999972
0.9324480866112852,0.049632352941176364,2,271,13.499999999999972
0.9369562026022877,0.049450549450549344,2,272,13.499999999999972
0.9372236363921319,0.049270072992700524,2,273,13.499999999999943
0.9338827917105317,0.04909090909090889,2,274,13.499999999999943
0.9357966347632589,0.048913043478260664,2,275,13.499999999999943
0.9367470429250285,0.04873646209386261,2,276,13.499999999999943
0.9348155180326406,0.048561151079136486,2,277,13.499999999999943
0.9352993408532765,0.048387096774193346,2,278,13.499999999999943
0.9341542946471514,0.04821428571428551,2,279,13.499999999999943
0.9347925973183403,0.048042704626334316,2,280,13.499999999999943
0.9373718103580663,0.04787234042553171,2,281,13.499999999999943
0.9431974110852297,0.04770318021201393,2,282,13.499999999999943
0.9390389149235674,0.04753521126760543,2,283,13.499999999999943
0.9442810007471908,0.04982456140350873,0,284,14.199999999999989
0.9376503406063879,0.04965034965034961,2,285,14.199999999999989
0.9373387188794123,0.04947735191637627,2,286,14.199999999999989
0.9395990608502637,0.04930555555555552,2,287,14.199999999999989
0.9407803508394844,0.049134948096885775,2,288,14.199999999999989
0.9388373168027256,0.04896551724137927,2,289,14.199999999999989
0.9383323011080177,0.04879725085910649,2,290,14.199999999999989
0.9368551324923777,0.04863013698630133,2,291,14.199999999999989
0.9350591601734815,0.04846416382252556,2,292,14.199999999999989
0.9357888980539154,0.05068027210884346,0,293,14.899999999999977
0.9348439034366651,0.05288135593220327,0,294,15.599999999999966
0.9327231145897148,0.05270270270270259,2,295,15.599999999999966
0.9359785918989522,0.05252525252525241,2,296,15.599999999999966
0.9372246352847833,0.05234899328859049,2,297,15.599999999999966
0.9401531887414861,0.05217391304347815,2,298,15.599999999999966
0.9424514409187598,0.05199999999999989,2,299,15.599999999999966
0.9398884958960327,0.05182724252491683,2,300,15.599999999999966
0.9382326365049962,0.051655629139072734,2,301,15.599999999999966
0.9409028047182579,0.05148514851485137,2,302,15.599999999999966
0.9431050003127158,0.0513157894736841,2,303,15.599999999999966
0.9432230114790212,0.051147540983606445,2,304,15.599999999999966
0.9437919800144127,0.05098039215686263,2,305,15.599999999999966
0.9481368429322432,0.050814332247556895,2,306,15.599999999999966
0.9463845434784509,0.05064935064935054,2,307,15.599999999999966
0.9483285979693621,0.050485436893203776,2,308,15.599999999999966
0.9478430455487065,0.05032258064516118,2,309,15.599999999999966
0.9473108132375297,0.05016077170417996,2,310,15.599999999999966
0.9510014095155734,0.04999999999999989,2,311,15.599999999999966
0.9537950674691597,0.049840255591054206,2,312,15.599999999999966
0.9549406552670305,0.05127388535031836,1,313,16.099999999999966
0.9592280779714346,0.051111111111111,2,314,16.099999999999966
0.9594235708944134,0.050949367088607485,2,315,16.099999999999966
0.961702843450882,0.05078864353312292,2,316,16.099999999999966
0.9608475931362771,0.050628930817609955,2,317,16.099999999999966
0.9619865234163779,0.05047021943573657,2,318,16.099999999999966
0.9616986184858026,0.05031249999999989,2,319,16.099999999999966
0.9621201055465719,0.050155763239875285,2,320,16.099999999999966
0.9640860587139332,0.04999999999999989,2,321,16.099999999999966
0.9616640564168825,0.04984520123838999,2,322,16.099999999999966
0.9682403626491928,0.049691358024691254,2,323,16.099999999999966
0.96524264651335,0.049538461538461434,2,324,16.099999999999966
0.9616247592148806,0.04938650306748456,2,325,16.099999999999966
0.9652837381576486,0.0492354740061161,2,326,16.099999999999966
0.9678031861936405,0.049085365853658434,2,327,16.099999999999966
0.96979806957011,0.048936170212765855,2,328,16.099999999999966
0.9717936678722137,0.048787878787878686,2,329,16.099999999999966
0.9718418840633944,0.0486404833836857,2,330,16.099999999999966
0.9677181001611378,0.0499999999999999,1,331,16.599999999999966
0.9680426841191937,0.04984984984984975,2,332,16.599999999999966
0.9661109344316748,0.04970059880239511,2,333,16.599999999999966
0.9691229009958123,0.049552238805970046,2,334,16.599999999999966
0.9687771263455208,0.049404761904761806,2,335,16.599999999999966
0.966420229244221,0.049258160237388625,2,336,16.599999999999966
0.9655687319930457,0.04911242603550286,2,337,16.599999999999966
0.966888386041077,0.04896755162241878,2,338,16.599999999999966
0.9653277597503561,0.048823529411764606,2,339,16.599999999999966
0.9630182343681954,0.048680351906158256,2,340,16.599999999999966
0.9623769155878555,0.0499999999999999,1,341,17.099999999999966
0.9632007921345636,0.04985422740524771,2,342,17.099999999999966
0.9618340945546051,0.049709302325581295,2,343,17.099999999999966
0.9605793919454082,0.04956521739130425,2,344,17.099999999999966
0.9613639888974668,0.049421965317918974,2,345,17.099999999999966
0.9573021781470494,0.049279538904899035,2,346,17.099999999999966
0.9533804369041655,0.04913793103448266,2,347,17.099999999999966
0.9514554378836596,0.04899713467048701,2,348,17.099999999999966
0.9509842876276723,0.04885714285714276,2,349,17.099999999999966
0.9520097100720323,0.04871794871794862,2,350,17.099999999999966
0.9563373990120252,0.048579545454545354,2,351,17.099999999999966
0.9588907197604388,0.04844192634560897,2,352,17.099999999999966
0.9585550439137612,0.048305084745762616,2,353,17.099999999999966
0.9586182234861094,0.048169014084506946,2,354,17.099999999999966
0.9559183707104804,0.048033707865168605,2,355,17.100000000000023
0.955989991139884,0.04789915966386561,2,356,17.100000000000023
0.9553066150782638,0.04776536312849168,2,357,17.100000000000023
0.9563300466806589,0.04763231197771594,2,358,17.100000000000023
0.9541534883744562,0.04750000000000006,2,359,17.100000000000023
0.9557191200250565,0.04736842105263164,2,360,17.100000000000023
0.9600755282929503,0.047237569060773546,2,361,17.100000000000023
0.9598858983294523,0.04710743801652899,2,362,17.100000000000023
0.9610997055376101,0.04697802197802204,2,363,17.100000000000023
0.9630970871435649,0.046849315068493214,2,364,17.100000000000023
0.962101683976818,0.0467213114754099,2,365,17.100000000000023
0.9628155553605607,0.046594005449591344,2,366,17.100000000000023
0.9629508185274662,0.04646739130434789,2,367,17.100000000000023
0.9633159276874158,0.04634146341463421,2,368,17.100000000000023
0.9613258581967594,0.04621621621621628,2,369,17.100000000000023
0.961496166326307,0.04609164420485181,2,370,17.100000000000023
0.9629383763395305,0.04596774193548393,2,371,17.100000000000023
0.9669282026973199,0.04584450402144778,2,372,17.100000000000023
0.9695815252197475,0.0457219251336899,2,373,17.100000000000023
0.9754044610391923,0.045600000000000064,2,374,17.100000000000023
0.9734290567202368,0.04547872340425538,2,375,17.100000000000023
0.9758133845186466,0.04535809018567645,2,376,17.100000000000023
0.9763624020351007,0.0452380952380953,2,377,17.100000000000023
0.982202614518432,0.04511873350923489,2,378,17.100000000000023
0.980122348992449,0.04500000000000006,2,379,17.100000000000023
0.9779705269683723,0.04488188976377959,2,380,17.100000000000023
0.9764591050510624,0.04476439790575922,2,381,17.100000000000023
0.9709751498830183,0.04464751958224549,2,382,17.100000000000023
0.9696815817279042,0.04453125000000006,2,383,17.100000000000023
0.9677885577193807,0.04441558441558448,2,384,17.100000000000023
0.9682616282602015,0.04430051813471508,2,385,17.100000000000023
0.9674179444036562,0.0459948320413437,0,386,17.80000000000001
0.9723374106273991,0.045876288659793846,2,387,17.80000000000001
0.9748517716236939,0.04575835475578409,2,388,17.80000000000001
0.973437014117832,0.04564102564102567,2,389,17.80000000000001
0.9712072144107574,0.045524296675191846,2,390,17.80000000000001
0.9725355612400832,0.04540816326530615,2,391,17.80000000000001
0.9692460732801322,0.04529262086513998,2,392,17.80000000000001
0.9739725014338739,0.045177664974619315,2,393,17.80000000000001
0.9770243181915635,0.045063291139240534,2,394,17.80000000000001
0.9758975505898053,0.044949494949494975,2,395,17.80000000000001
0.9716430617241109,0.04483627204030229,2,396,17.80000000000001
0.9751159996950689,0.04472361809045229,2,397,17.80000000000001
0.9731369123643728,0.046365914786967416,0,398,18.5
0.9762986108633956,0.04625,2,399,18.5
0.9723815877470421,0.046134663341645885,2,400,18.5
0.9709593076209206,0.046019900497512436,2,401,18.5
0.9710443805541644,0.04590570719602978,2,402,18.5
0.9712323414779529,0.04579207920792079,2,403,18.5
0.9701920999644783,0.04567901234567901,2,404,18.5
0.971799631571333,0.04556650246305419,2,405,18.5
0.9692457739277116,0.045454545454545456,2,406,18.5
0.9689721826067581,0.04534313725490196,2,407,18.5
0.9693421665899002,0.04523227383863081,2,408,18.5
0.9689643535837267,0.0468292682926829,0,409,19.19999999999999
0.9707712891664643,0.046715328467153254,2,410,19.19999999999999
0.9681125188242208,0.04660194174757279,2,411,19.19999999999999
0.964475166064996,0.046489104116222736,2,412,19.19999999999999
0.9676471507409223,0.04637681159420287,2,413,19.19999999999999
0.9685258660692083,0.04626506024096383,2,414,19.19999999999999
0.9668022785628965,0.04615384615384613,2,415,19.19999999999999
0.9706016783157972,0.04604316546762587,2,416,19.19999999999999
0.9709487428037806,0.04593301435406696,2,417,19.19999999999999
0.9738326292984347,0.045823389021479685,2,418,19.19999999999999
0.9740556908510816,0.045714285714285686,2,419,19.19999999999999
0.9790122044711075,0.04560570071258905,2,420,19.19999999999999
0.9832215140397618,0.045497630331753525,2,421,19.19999999999999
0.9826726117643036,0.04539007092198579,2,422,19.19999999999999
0.9850049191680537,0.045283018867924504,2,423,19.19999999999999
0.9865587333572704,0.04517647058823527,2,424,19.19999999999999
0.9898030357614374,0.04507042253521124,2,425,19.19999999999999
0.9875671423273822,0.04496487119437936,2,426,19.19999999999999
0.9891991150322211,0.044859813084112125,2,427,19.19999999999999
0.9916914818662942,0.04475524475524473,2,428,19.19999999999999
0.9876207121725978,0.04465116279069765,2,429,19.19999999999999
0.9849040550384022,0.044547563805104384,2,430,19.19999999999999
0.9802185544995168,0.04444444444444442,2,431,19.19999999999999
0.9780254242710085,0.04595842956120087,0,432,19.899999999999977
0.9797293801040153,0.04585253456221193,2,433,19.899999999999977
0.9832296736028476,0.045747126436781554,2,434,19.899999999999977
0.9834380798111434,0.04564220183486233,2,435,19.899999999999977
0.9872027879707775,0.045537757437070885,2,436,19.899999999999977
0.9840810887785728,0.04543378995433785,2,437,19.899999999999977
0.9802372083044641,0.04533029612756259,2,438,19.899999999999977
0.9801558789699162,0.04522727272727268,2,439,19.899999999999977
0.9810717736864,0.04512471655328793,2,440,19.899999999999977
0.9810406277095209,0.04502262443438909,2,441,19.899999999999977
0.9752878450283711,0.04604966139954848,1,442,20.399999999999977
0.9751427822253503,0.04594594594594589,2,443,20.399999999999977
0.9722672490057319,0.045842696629213434,2,444,20.399999999999977
0.9738309380187908,0.045739910313901296,2,445,20.399999999999977
0.9747096120860795,0.0456375838926174,2,446,20.399999999999977
0.9726681178931924,0.045535714285714235,2,447,20.399999999999977
0.9715845209327694,0.0454342984409799,2,448,20.399999999999977
0.9692938586153877,0.04533333333333328,2,449,20.399999999999977
0.969222965143351,0.04523281596452323,2,450,20.399999999999977
0.9714042026552048,0.04513274336283181,2,451,20.399999999999977
0.9692913323483818,0.04503311258278141,2,452,20.399999999999977
0.970469207201178,0.04493392070484577,2,453,20.399999999999977
0.9693687086834338,0.04483516483516479,2,454,20.399999999999977
0.9661620386375002,0.046271929824561325,0,455,21.099999999999966
0.9660018802160734,0.046170678336980235,2,456,21.099999999999966
0.9638157575028955,0.04606986899563311,2,457,21.099999999999966
0.9626883826382985,0.045969498910675304,2,458,21.099999999999966
0.9601654124747612,0.04586956521739123,2,459,21.099999999999966
0.9645136982024003,0.04577006507592184,2,460,21.099999999999966
0.9646668364140223,0.0456709956709956,2,461,21.099999999999966
0.9632318637479172,0.045572354211662995,2,462,21.099999999999966
0.9637722690215946,0.04547413793103441,2,463,21.099999999999966
0.9636086124222132,0.04537634408602143,2,464,21.099999999999966
0.9632125218386177,0.04527896995708147,2,465,21.099999999999966
0.9646064280017972,0.045182012847965664,2,466,21.099999999999966
0.9663006615104415,0.045085470085470015,2,467,21.099999999999966
0.9652413825997358,0.044989339019189695,2,468,21.099999999999966
0.9640901919119816,0.044893617021276526,2,469,21.099999999999966
0.9635824596634389,0.0447983014861995,2,470,21.099999999999966
0.9587826638490342,0.0447033898305084,2,471,21.099999999999966
0.9556664403267349,0.04460887949260035,2,472,21.099999999999966
0.9586436720295151,0.04451476793248938,2,473,21.099999999999966
0.9621938279062977,0.044421052631578875,2,474,21.099999999999966
0.9617500676805358,0.0443277310924369,2,475,21.099999999999966
0.963038971025138,0.044234800838574354,2,476,21.099999999999966
0.9637674463044652,0.04414225941422587,2,477,21.099999999999966
0.9702708144926714,0.04405010438413354,2,478,21.099999999999966
0.972665198027967,0.04395833333333326,2,479,21.099999999999966
0.9724560861994666,0.04386694386694379,2,480,21.099999999999966
0.9705307822019564,0.043775933609958434,2,481,21.099999999999966
0.9672658192569056,0.043685300207039264,2,482,21.099999999999966
0.9677538312746955,0.04359504132231409,2,483,21.100000000000023
0.9662608321477697,0.04350515463917531,2,484,21.100000000000023
0.9634038063417092,0.04341563786008235,2,485,21.100000000000023
0.962151287469873,0.04332648870636555,2,486,21.100000000000023
0.9600125594143725,0.04323770491803283,2,487,21.100000000000023
0.963544520714287,0.04314928425357878,2,488,21.100000000000023
0.9654181844617056,0.04306122448979596,2,489,21.100000000000023
0.9654723782992244,0.04297352342158864,2,490,21.100000000000023
0.9685505729345715,0.042886178861788665,2,491,21.100000000000023
0.9687712985627926,0.04279918864097368,2,492,21.100000000000023
0.9670910242715153,0.04271255060728749,2,493,21.100000000000023
0.9702345253886832,0.04262626262626267,2,494,21.100000000000023
0.9713810486110541,0.042540322580645204,2,495,21.100000000000023
0.9693516176192282,0.04245472837022137,2,496,21.100000000000023
0.969030954374845,0.04236947791164663,2,497,21.100000000000023
0.9673382705917596,0.0422845691382766,2,498,21.100000000000023
0.9646379945886474,0.04220000000000004,2,499,21.100000000000023
0.9665572352132842,0.0421157684630739,2,500,21.100000000000023
0.9704274730723615,0.042031872509960204,2,501,21.100000000000023
0.9677058129393764,0.04194831013916506,2,502,21.100000000000023
0.9688868911611049,0.04186507936507941,2,503,21.100000000000023
0.9676601001506436,0.041782178217821826,2,504,21.100000000000023
0.966761314609309,0.04169960474308305,2,505,21.100000000000023
0.9656584443157229,0.04161735700197243,2,506,21.100000000000023
0.9640252765716372,0.041535433070866185,2,507,21.100000000000023
0.9641912811912309,0.04145383104125741,2,508,21.100000000000023
0.9626321804116186,0.041372549019607775,2,509,21.099999999999966
0.9632345769778969,0.04129158512720161,2,510,21.100000000000023
0.9632082631372191,0.041210937500000155,2,511,21.10000000000008
0.9614496738389664,0.042495126705653155,0,512,21.800000000000068
0.9597589864150743,0.04241245136186773,2,513,21.80000000000001
0.9587171799743298,0.04233009708737855,2,514,21.799999999999955
0.9602611219236543,0.04224806201550379,2,515,21.799999999999955
0.9613068783370019,0.04216634429400378,2,516,21.799999999999955
0.9594944031958136,0.04208494208494211,2,517,21.80000000000001
0.9597638403870148,0.04200385356454723,2,518,21.80000000000001
0.9612861928542932,0.041923076923077056,2,519,21.800000000000068
0.9581562668005971,0.04184261036468343,2,520,21.800000000000068
0.9592773471177989,0.04176245210727993,2,521,21.800000000000125
0.9580882436645223,0.04168260038240942,2,522,21.800000000000125
0.9592571566891952,0.04160305343511463,2,523,21.800000000000068
0.9578809351401825,0.04152380952380966,2,524,21.800000000000068
0.9545296746158388,0.041444866920152326,2,525,21.800000000000125
0.9515276402467705,0.04136622390891875,2,526,21.800000000000182
0.9503847563574043,0.042613636363636576,0,527,22.500000000000114
0.9509695158004365,0.04253308128544456,2,528,22.50000000000017
0.949355768364767,0.04245283018867946,2,529,22.500000000000114
0.9506537658985008,0.04237288135593231,2,530,22.500000000000057
0.9476233639658552,0.042293233082706765,2,531,22.5
0.9475976544675191,0.042213883677298204,2,532,22.499999999999943
0.9454279656019199,0.042134831460674156,2,533,22.5
0.9443115841563047,0.04205607476635514,2,534,22.5
0.9445039108114541,0.04197761194029851,2,535,22.5
0.94300499595839,0.041899441340782016,2,536,22.499999999999943
0.9423961473706796,0.041821561338289966,2,537,22.5
0.9443699816227088,0.041743970315398886,2,538,22.5
0.9434046818983646,0.041666666666666664,2,539,22.5
0.9450540117138301,0.04158964879852115,2,540,22.499999999999943
0.9430710580858384,0.04151291512915129,2,541,22.5
0.9441515979013622,0.04143646408839779,2,542,22.5
0.9469042027226058,0.04136029411764706,2,543,22.5
0.9424664986806796,0.04128440366972477,2,544,22.5
0.9411123562738092,0.04120879120879121,2,545,22.5
0.9422749883961249,0.04113345521023766,2,546,22.5
0.94200980523109,0.04105839416058394,2,547,22.5
0.9427914738433674,0.040983606557377046,2,548,22.5
0.9417973344605325,0.04090909090909091,2,549,22.5
0.9420601156819706,0.04083484573502722,2,550,22.5
0.9418830552633581,0.04076086956521739,2,551,22.5
0.9440998708264621,0.0406871609403255,2,552,22.5
0.9446600169861639,0.04061371841155235,2,553,22.5
0.9453680217520901,0.04054054054054054,2,554,22.5
0.9447254947954812,0.040467625899280574,2,555,22.5
0.9439493157669929,0.04039497307001795,2,556,22.5
0.9432745711369095,0.04032258064516129,2,557,22.5
0.9440816866489692,0.04025044722719141,2,558,22.5
0.9434297827784884,0.04017857142857143,2,559,22.5
0.9440471536770944,0.040106951871657755,2,560,22.5
0.9478395978852231,0.0400355871886121,2,561,22.5
0.9494795359057321,0.03996447602131439,2,562,22.5
0.9489910552885803,0.0398936170212766,2,563,22.5
0.9512073789467668,0.03982300884955752,2,564,22.5
0.9505726037666107,0.03975265017667844,2,565,22.5
0.946183367189989,0.04056437389770723,1,566,23.0
0.9445033149397999,0.040492957746478875,2,567,23.0
0.9413129893932873,0.040421792618629174,2,568,23.0
0.9407992587381389,0.04035087719298246,2,569,23.0
0.9409351941504881,0.040280210157618214,2,570,23.0
0.9439692887625944,0.04020979020979021,2,571,23.0
0.9446376274798748,0.04013961605584642,2,572,23.0
0.9443523693678734,0.04006968641114982,2,573,23.0
0.9458915923449439,0.04,2,574,23.0
0.9421467539745397,0.03993055555555555,2,575,23.0
0.942655363687077,0.03986135181975736,2,576,23.0
0.9440882526666615,0.039792387543252594,2,577,23.0
0.9416311291805708,0.039723661485319514,2,578,23.0
0.9437037548944094,0.039655172413793106,2,579,23.0
0.9443832603205712,0.039586919104991396,2,580,23.0
0.943765268612287,0.03951890034364261,2,581,23.0
0.9449471152632202,0.03945111492281304,2,582,23.0
0.9489295566031879,0.039383561643835614,2,583,23.0
0.9493277389937098,0.039316239316239315,2,584,23.0
0.9498377950471342,0.03924914675767918,2,585,23.0
0.9479481890938336,0.04037478705281098,0,586,23.700000000000045
0.9465913990282577,0.040306122448979666,2,587,23.700000000000045
0.9480918139985735,0.04023769100169787,2,588,23.700000000000045
0.9467288044394083,0.0401694915254238,2,589,23.700000000000045
0.9469400352901358,0.040101522842639674,2,590,23.700000000000045
0.9462228098136912,0.04003378378378386,2,591,23.700000000000045
0.9471212196213349,0.03996627318718389,2,592,23.700000000000045
0.9477719618530952,0.039898989898989975,2,593,23.700000000000045
0.9496035046806662,0.03983193277310932,2,594,23.700000000000045
0.9488323303458753,0.039765100671141015,2,595,23.700000000000045
0.9484659865173338,0.039698492462311635,2,596,23.700000000000045
0.9469154351756957,0.039632107023411446,2,597,23.700000000000045
0.9462623321786141,0.0395659432387313,2,598,23.700000000000045
0.946980729113391,0.03950000000000008,2,599,23.700000000000045
0.9483284959811646,0.03943427620632287,2,600,23.700000000000045
0.9468824929576451,0.039368770764119675,2,601,23.700000000000045
0.948412714229864,0.03930348258706475,2,602,23.700000000000045
0.9507425571844584,0.03923841059602656,2,603,23.700000000000045
0.9515073379217134,0.03917355371900834,2,604,23.700000000000045
0.9546843816092321,0.039108910891089185,2,605,23.700000000000045
0.9534842603889474,0.03904448105436581,2,606,23.700000000000045
0.9515136370933875,0.03898026315789481,2,607,23.700000000000045
0.9486725305482354,0.03891625615763554,2,608,23.700000000000045
0.9512092055989583,0.03885245901639352,2,609,23.700000000000045
0.9523600344872644,0.0387888707037644,2,610,23.700000000000045
0.9523470529424969,0.03872549019607851,2,611,23.700000000000045
0.9528815090165219,0.038662316476345916,2,612,23.700000000000045
0.9511252051788754,0.03859934853420203,2,613,23.700000000000045
0.9551815088771486,0.038536585365853734,2,614,23.700000000000045
0.9554640408139962,0.03847402597402605,2,615,23.700000000000045
0.9557135233971256,0.03841166936790931,2,616,23.700000000000045
0.956959564012824,0.03834951456310687,2,617,23.700000000000045
0.9569984164647204,0.039095315024232705,1,618,24.200000000000045
0.9574288771224857,0.039032258064516205,2,619,24.200000000000045
0.956224523929945,0.038969404186795564,2,620,24.200000000000045
0.957052890221273,0.03890675241157564,2,621,24.200000000000045
0.960142732285886,0.03884430176565015,2,622,24.200000000000045
0.962362727981189,0.03878205128205135,2,623,24.200000000000045
0.9649720462190422,0.038720000000000074,2,624,24.200000000000045
0.9642113629560226,0.0386581469648563,2,625,24.200000000000045
0.9626901250242609,0.03859649122807025,2,626,24.200000000000045
0.9625492380097322,0.03853503184713383,2,627,24.200000000000045
0.9626973710372029,0.03847376788553267,2,628,24.200000000000045
0.9644933934934468,0.03841269841269848,2,629,24.200000000000045
0.9618674695263973,0.03835182250396204,2,630,24.200000000000045
0.9643479803649009,0.0382911392405064,2,631,24.200000000000045
0.9641546851375015,0.03823064770932077,2,632,24.200000000000045
0.9635379094985663,0.038170347003154644,2,633,24.200000000000045
0.9620014649556392,0.038110236220472514,2,634,24.200000000000045
0.9594592351807627,0.03805031446540888,2,635,24.200000000000045
0.9608151399669184,0.037990580847723776,2,636,24.200000000000045
0.9598942980033157,0.03902821316614417,0,637,24.899999999999977
0.9579383430772682,0.038967136150234706,2,638,24.899999999999977
0.9559805038348607,0.03890624999999996,2,639,24.899999999999977
0.9555253319111088,0.03884555382215285,2,640,24.899999999999977
0.9581943290970563,0.03878504672897193,2,641,24.899999999999977
0.9578556266391081,0.03872472783825813,2,642,24.899999999999977
0.9555869953040814,0.03866459627329189,2,643,24.899999999999977
0.9552748556771202,0.03860465116279066,2,644,24.899999999999977
0.9549219169380726,0.03854489164086684,2,645,24.899999999999977
0.9508232947435137,0.038485316846986056,2,646,24.899999999999977
0.9508153963465055,0.03842592592592589,2,647,24.899999999999977
0.9505353502347101,0.03836671802773494,2,648,24.899999999999977
0.9516825364109851,0.03830769230769227,2,649,24.899999999999977
0.9545969351184111,0.038248847926267246,2,650,24.899999999999977
0.9563944321957569,0.03819018404907972,2,651,24.899999999999977
0.9560494350705646,0.03813169984686061,2,652,24.899999999999977
0.9544247021289557,0.03807339449541281,2,653,24.899999999999977
0.9584230763291403,0.038015267175572486,2,654,24.899999999999977
0.9585767277890265,0.037957317073170696,2,655,24.899999999999977
0.9586609782671451,0.0378995433789954,2,656,24.899999999999977
0.9586871392620128,0.037841945288753766,2,657,24.899999999999977
0.9590504133462402,0.037784522003034865,2,658,24.899999999999977
0.958893730277649,0.03772727272727269,2,659,24.899999999999977
0.958088048375746,0.0376701966717095,2,660,24.899999999999977
0.9573252885727005,0.037613293051359485,2,661,24.899999999999977
0.9573402530390827,0.037556561085972814,2,662,24.899999999999977
0.9565860888460511,0.037499999999999964,2,663,24.899999999999977
0.9555794243775952,0.037443609022556355,2,664,24.899999999999977
0.9558059270852743,0.03738738738738735,2,665,24.899999999999977
0.9554899103768693,0.037331334332833546,2,666,24.899999999999977
0.957808028757417,0.03727544910179637,2,667,24.899999999999977
0.9539085103162355,0.037219730941704,2,668,24.899999999999977
0.955606418288782,0.03716417910447758,2,669,24.899999999999977
0.9575296355379754,0.03710879284649773,2,670,24.899999999999977
0.9545074333535317,0.037053571428571394,2,671,24.899999999999977
0.9540658359873596,0.036998514115898926,2,672,24.899999999999977
0.9535828883583046,0.03694362017804151,2,673,24.899999999999977
0.9515664519389325,0.03688888888888885,2,674,24.899999999999977
0.9504874827976162,0.036834319526627184,2,675,24.899999999999977
0.9489201809833422,0.0367799113737075,2,676,24.899999999999977
0.9515799896300093,0.03672566371681413,2,677,24.899999999999977
0.9530293245394607,0.036671575846833546,2,678,24.899999999999977
0.9549683330254234,0.0366176470588235,2,679,24.899999999999977
0.9560941828507065,0.036563876651982345,2,680,24.899999999999977
0.9545030597509002,0.03651026392961874,2,681,24.899999999999977
0.953801707882627,0.03645680819912149,2,682,24.899999999999977
0.9545847091302078,0.03640350877192979,2,683,24.899999999999977
0.9528668806367447,0.03635036496350361,2,684,24.899999999999977
0.9539749441200329,0.03629737609329443,2,685,24.899999999999977
0.9536921197499046,0.036244541484716127,2,686,24.899999999999977
0.9532146300299926,0.03619186046511624,2,687,24.899999999999977
0.9543144055570949,0.03613933236574743,2,688,24.899999999999977
0.9550244764352528,0.0360869565217391,2,689,24.899999999999977
0.954567181728662,0.03603473227206943,2,690,24.899999999999977
0.9563081681761122,0.03598265895953754,2,691,24.899999999999977
0.9548112396107789,0.035930735930735896,2,692,24.899999999999977
0.9557638683821528,0.035878962536023025,2,693,24.899999999999977
0.9566809005973848,0.03582733812949637,2,694,24.899999999999977
0.956298390051535,0.035775862068965485,2,695,24.899999999999977
0.956828999279929,0.0357245337159252,2,696,24.899999999999864
0.9550984225239618,0.03567335243552989,2,697,24.899999999999864
0.9564845864677141,0.03562231759656633,2,698,24.899999999999864
0.9562826054349844,0.03557142857142838,2,699,24.899999999999864
0.9555992878515979,0.0355206847360911,2,700,24.899999999999864
0.957156851865822,0.035470085470085275,2,701,24.899999999999864
0.9562158838111867,0.035419630156472065,2,702,24.899999999999864
0.9542774219075294,0.03536931818181799,2,703,24.899999999999864
0.9521342919849316,0.03531914893617002,2,704,24.899999999999864
0.953060461474111,0.03526912181303097,2,705,24.899999999999864
0.9513157799833467,0.03521923620933503,2,706,24.899999999999864
0.9538630658618792,0.035169491525423535,2,707,24.899999999999864
0.9509917083530701,0.035119887165020965,2,708,24.899999999999864
0.9534501092825588,0.035070422535211074,2,709,24.899999999999864
0.9538123699828683,0.03502109704641331,2,710,24.899999999999864
0.9530391600364452,0.0356741573033706,1,711,25.399999999999864
0.952340761373268,0.0356241234221597,2,712,25.399999999999864
0.9529665251729581,0.03557422969187656,2,713,25.399999999999864
0.952979670309185,0.03552447552447533,2,714,25.399999999999864
0.9545862655769326,0.03547486033519534,2,715,25.399999999999864
0.9548089174361865,0.035425383542538165,2,716,25.399999999999864
0.955081191592211,0.03537604456824493,2,717,25.399999999999864
0.9546379462461665,0.0353268428372738,2,718,25.399999999999864
0.9546218579545453,0.03527777777777759,2,719,25.399999999999864
0.9551117052651383,0.03522884882108164,2,720,25.399999999999864
0.9528052231350527,0.03518005540166186,2,721,25.399999999999864
0.9510057893242079,0.03513139695712291,2,722,25.399999999999864
0.9521000687505871,0.035082872928176606,2,723,25.399999999999864
0.9524018140876593,0.0350344827586205,2,724,25.399999999999864
0.9522139557537195,0.034986225895316615,2,725,25.399999999999864
0.9516172844707919,0.03562585969738633,1,726,25.899999999999864
0.9521611916423453,0.03557692307692289,2,727,25.899999999999864
0.95148640306628,0.03552812071330571,2,728,25.899999999999864
0.9504866891916653,0.03547945205479433,2,729,25.899999999999864
0.9508223370246421,0.03543091655266739,2,730,25.899999999999864
0.9488698846822381,0.03606557377049162,1,731,26.399999999999864
0.9494966007409451,0.036016371077762434,2,732,26.399999999999864
0.946564611360865,0.03664850136239763,1,733,26.899999999999864
0.9480375243213613,0.03659863945578213,2,734,26.899999999999864
0.948750241655725,0.03654891304347808,2,735,26.899999999999864
0.949167174481584,0.03649932157394825,2,736,26.899999999999864
0.9505676132477954,0.036449864498644804,2,737,26.899999999999864
0.9528881908272471,0.03640054127198899,2,738,26.899999999999864
0.9543226257923699,0.03635135135135117,2,739,26.899999999999864
0.9518999579689906,0.036302294197030856,2,740,26.899999999999864
0.9502402855637282,0.03625336927223701,2,741,26.899999999999864
0.9494663167033521,0.036204576043068454,2,742,26.899999999999864
0.9495693069365612,0.03615591397849444,2,743,26.899999999999864
0.9503318434647927,0.03610738255033539,2,744,26.899999999999864
0.9494255758285752,0.03605898123324378,2,745,26.899999999999864
0.9497433016500592,0.036010709504685226,2,746,26.899999999999864
0.9488006195190386,0.0359625668449196,2,747,26.899999999999864
0.9471179513981961,0.03684913217623486,0,748,27.59999999999991
0.945312912667201,0.03679999999999988,2,749,27.59999999999991
0.9441563931481888,0.036750998668441955,2,750,27.59999999999991
0.9424332003306827,0.03670212765957435,2,751,27.59999999999991
0.941213669848202,0.036653386454183146,2,752,27.59999999999991
0.9426890387165835,0.0366047745358089,2,753,27.59999999999991
0.9415074653026119,0.03655629139072836,2,754,27.59999999999991
0.9450668232385045,0.036507936507936385,2,755,27.59999999999991
0.9457910650847957,0.03645970937912802,2,756,27.59999999999991
0.9461064279589514,0.03641160949868062,2,757,27.59999999999991
0.9450465278164742,0.036363636363636244,2,758,27.59999999999991
0.9460402953843592,0.03631578947368409,2,759,27.59999999999991
0.9453547787987847,0.03626806833114311,2,760,27.59999999999991
0.9455866095544889,0.03622047244094476,2,761,27.59999999999991
0.9490132123444159,0.03617300131061587,2,762,27.59999999999991
0.9489542161244302,0.03612565445026166,2,763,27.59999999999991
0.9505232607128763,0.0360784313725489,2,764,27.59999999999991
0.9496698668671338,0.036031331592689175,2,765,27.59999999999991
0.9496898690087712,0.0359843546284223,2,766,27.59999999999991
0.9520611069861498,0.03593749999999988,2,767,27.59999999999991
0.9513081444831928,0.03589076723016893,2,768,27.59999999999991
0.9537252099552886,0.03584415584415573,2,769,27.59999999999991
0.9547031953320723,0.035797665369649685,2,770,27.59999999999991
0.954033286042919,0.03575129533678745,2,771,27.59999999999991
0.9549108726574244,0.03570504527813701,2,772,27.59999999999991
0.9562256576405889,0.03565891472868205,2,773,27.59999999999991
0.9570844760981071,0.03561290322580633,2,774,27.59999999999991
0.9551162941445135,0.03556701030927823,2,775,27.59999999999991
0.9542382330506018,0.03552123552123541,2,776,27.59999999999991
0.9539789054559976,0.03547557840616955,2,777,27.59999999999991
0.9539424326260155,0.03543003851091131,2,778,27.59999999999991
0.9547972142477138,0.03538461538461527,2,779,27.59999999999991
0.9550826224252881,0.03533930857874508,2,780,27.59999999999991
0.9534324600453196,0.035294117647058705,2,781,27.59999999999991
0.9539774988588069,0.035249042145593754,2,782,27.59999999999991
0.9548150093772062,0.03520408163265294,2,783,27.59999999999991
0.9555856787256825,0.035159235668789694,2,784,27.59999999999991
0.9570172245867881,0.03511450381679378,2,785,27.59999999999991
0.9581314621089762,0.03506988564167714,2,786,27.59999999999991
0.9587673106078587,0.03502538071065978,2,787,27.59999999999991
0.958730640110943,0.03498098859315578,2,788,27.59999999999991
0.956680397612681,0.03493670886075938,2,789,27.59999999999991
0.9572782962492423,0.034892541087231235,2,790,27.59999999999991
0.9575944697226184,0.03484848484848473,2,791,27.59999999999991
0.9579904147005159,0.03480453972257239,2,792,27.59999999999991
0.9564353278106913,0.03476070528967243,2,793,27.59999999999991
0.9551303065928058,0.03471698113207536,2,794,27.59999999999991
0.9565097319027809,0.03467336683417074,2,795,27.59999999999991
0.9565146693108618,0.034629861982434014,2,796,27.59999999999991
0.9574231731054255,0.03458646616541342,2,797,27.59999999999991
0.9575119030216018,0.03454317897371703,2,798,27.59999999999991
0.9576022083171946,0.034499999999999885,2,799,27.59999999999991
0.9588265299122741,0.0344569288389512,2,800,27.59999999999991
0.9582344211116137,0.03441396508728168,2,801,27.59999999999991
0.9584061351288359,0.03437110834371097,2,802,27.59999999999991
0.9578828995270524,0.03432835820895511,2,803,27.59999999999991
0.956525906822755,0.035155279503105534,0,804,28.299999999999955
0.9561962566611031,0.035111662531017315,2,805,28.299999999999955
0.9565257950935351,0.035068153655514196,2,806,28.299999999999955
0.9559870891322021,0.035024752475247466,2,807,28.299999999999955
0.9575937257656277,0.034981458590852846,2,808,28.299999999999955
0.9565416257310783,0.03493827160493822,2,809,28.299999999999955
0.956364790626402,0.03489519112207146,2,810,28.299999999999955
0.95587698785682,0.034852216748768414,2,811,28.299999999999955
0.9577110603002356,0.03480934809348088,2,812,28.299999999999955
0.958004480099021,0.03476658476658471,2,813,28.299999999999955
0.9593220752638916,0.034723926380368045,2,814,28.299999999999955
0.9575513859890131,0.034681372549019554,2,815,28.299999999999955
0.9579302095873977,0.034638922888616835,2,816,28.299999999999955
0.9590692078588354,0.03459657701711486,2,817,28.299999999999955
0.9592196532573906,0.0345543345543345,2,818,28.299999999999955
0.9605687516986198,0.03451219512195117,2,819,28.299999999999955
0.9599867088218852,0.0344701583434835,2,820,28.299999999999955
0.9617499213904542,0.03442822384428218,2,821,28.299999999999955
0.9645897126446811,0.03438639125151878,2,822,28.299999999999955
0.9641923482355982,0.0343446601941747,2,823,28.299999999999955
0.9636957483936148,0.034303030303030245,2,824,28.299999999999955
0.965499245643886,0.034261501210653696,2,825,28.299999999999955
0.9674509662002183,0.034220072551390514,2,826,28.299999999999955
0.9668588031647674,0.0341787439613526,2,827,28.299999999999955
0.9655475297989523,0.03498190591073569,0,828,28.999999999999886
0.9652495392704469,0.03493975903614444,2,829,28.999999999999886
0.9636734862616566,0.03489771359807447,2,830,28.999999999999886
0.9626129989626833,0.03485576923076909,2,831,28.999999999999886
0.9614524302163271,0.03481392557022796,2,832,28.999999999999886
0.9605780297423216,0.03477218225419651,2,833,28.999999999999886
0.9605837028954605,0.03473053892215555,2,834,28.999999999999886
0.9609110127395287,0.03468899521531087,2,835,28.999999999999886
0.9628101638507289,0.0346475507765829,2,836,28.999999999999886
0.961663189859572,0.034606205250596524,2,837,28.999999999999886
0.9622861448162072,0.035160905840285916,1,838,29.499999999999886
0.9620762936387767,0.03511904761904748,2,839,29.499999999999886
0.9620625718750535,0.035077288941735896,2,840,29.499999999999886
0.9620777226117418,0.03586698337292153,0,841,30.199999999999932
0.9607908901749993,0.035824436536180226,2,842,30.199999999999932
0.9612904385825929,0.03578199052132693,2,843,30.199999999999932
0.9615332335762384,0.03573964497041412,2,844,30.199999999999932
0.9621607962599642,0.03569739952718668,2,845,30.199999999999932
0.9625468740021694,0.03565525383707194,2,846,30.199999999999932
0.9654864415327222,0.035613207547169734,2,847,30.199999999999932
0.9647759274858624,0.03557126030624256,2,848,30.199999999999932
0.964192665271171,0.0355294117647058,2,849,30.199999999999932
0.9635024970083086,0.03548766157461802,2,850,30.199999999999932
0.9628933660034158,0.03544600938967128,2,851,30.199999999999932
0.962189637406335,0.03540445486518163,2,852,30.199999999999932
0.9636262028556338,0.03536299765807954,2,853,30.199999999999932
0.9653301537856154,0.035321637426900504,2,854,30.199999999999932
0.9647038962534482,0.035280373831775624,2,855,30.199999999999932
0.9637738385295769,0.03523920653442232,2,856,30.199999999999932
0.9643654955433961,0.03519813519813512,2,857,30.199999999999932
0.9637641119114703,0.0351571594877764,2,858,30.199999999999932
0.9645422138950098,0.035116279069767366,2,859,30.199999999999932
0.9648190789437395,0.0350754936120789,2,860,30.199999999999932
0.963101488231511,0.035034802784222656,2,861,30.199999999999932
0.9649374137391571,0.0349942062572421,2,862,30.199999999999932
0.9670565575578566,0.034953703703703626,2,863,30.199999999999932
0.9663862162306401,0.03491329479768778,2,864,30.199999999999932
0.9659773388909558,0.034872979214780525,2,865,30.199999999999932
0.9663462985816523,0.03483275663206451,2,866,30.199999999999932
0.9667703890095387,0.03479262672811052,2,867,30.199999999999932
0.9675664464130639,0.03475258918296885,2,868,30.199999999999932
0.9699143062893321,0.03471264367816084,2,869,30.199999999999932
0.9697456937361939,0.034672789896670414,2,870,30.199999999999932
0.9688649105500992,0.0346330275229357,2,871,30.199999999999932
0.9673205988220754,0.0345933562428407,2,872,30.199999999999932
0.966521685047746,0.034553775743707014,2,873,30.199999999999932
0.9665220865815499,0.034514285714285636,2,874,30.199999999999932
0.968608885413669,0.03447488584474878,2,875,30.199999999999932
0.9672562968339085,0.03523375142531354,0,876,30.899999999999977
0.9675484741172855,0.035193621867881525,2,877,30.899999999999977
0.967566709191017,0.03515358361774742,2,878,30.899999999999977
0.9681585575594909,0.03590909090909093,0,879,31.600000000000023
0.9710629546858406,0.03586833144154373,2,880,31.600000000000023
0.9704938710944504,0.035827664399093,2,881,31.600000000000023
0.9699729953145946,0.035787089467723694,2,882,31.600000000000023
0.9711881399772128,0.035746606334841655,2,883,31.600000000000023
0.9719911946095846,0.03570621468926556,2,884,31.600000000000023
0.9741071270374926,0.03566591422121899,2,885,31.600000000000023
0.9747946366860702,0.03562570462232246,2,886,31.600000000000023
0.9744184128938708,0.03558558558558561,2,887,31.600000000000023
0.9745491625201906,0.03610798650168731,1,888,32.10000000000002
0.9758234933270027,0.0360674157303371,2,889,32.10000000000002
0.9767714828756787,0.03602693602693605,2,890,32.10000000000002
0.9773662166741446,0.03598654708520182,2,891,32.10000000000002
0.9785860469909587,0.03594624860022399,2,892,32.10000000000002
0.9799179368605949,0.0359060402684564,2,893,32.10000000000002
0.9814846866417981,0.035865921787709525,2,894,32.10000000000002
0.982229357624999,0.03582589285714288,2,895,32.10000000000002
0.9820628610386646,0.03578595317725755,2,896,32.10000000000002
0.9822462138509082,0.03574610244988867,2,897,32.10000000000002
0.9836080189150433,0.035706340378198025,2,898,32.10000000000002
0.982718525926263,0.035666666666666694,2,899,32.10000000000002
0.9831468886154379,0.035627081021087706,2,900,32.10000000000002
0.9827294987030845,0.03558758314855878,2,901,32.10000000000002
0.9820052631817464,0.036323366555924774,0,902,32.80000000000007
0.982886288181111,0.036836283185840785,1,903,33.30000000000007
0.9831163575510986,0.036795580110497314,2,904,33.30000000000007
0.9831862473862035,0.03675496688741729,2,905,33.30000000000007
0.9817054950285783,0.03671444321940471,2,906,33.30000000000007
0.9825475083226297,0.03667400881057276,2,907,33.30000000000007
0.983276811593057,0.03663366336633671,2,908,33.30000000000007
0.985672391715818,0.036593406593406666,2,909,33.30000000000007
0.985350272476884,0.036553238199780534,2,910,33.30000000000007
0.9856066321865189,0.036513157894736914,2,911,33.30000000000007
0.9858955446197327,0.03647316538882812,2,912,33.30000000000007
0.9876368550520563,0.03643326039387316,2,913,33.30000000000007
0.987546218563052,0.0363934426229509,2,914,33.30000000000007
0.9871002309071648,0.03711790393013101,0,915,34.0
0.9877772170345469,0.03707742639040349,2,916,34.0
0.9879938095248757,0.037037037037037035,2,917,34.0
0.9875210919796358,0.036996735582154515,2,918,34.0
0.9877456233936779,0.03695652173913044,2,919,34.0
0.9889246528469527,0.03691639522258415,2,920,34.0
0.9878233079963475,0.0368763557483731,2,921,34.0
0.9879805629975941,0.03683640303358613,2,922,34.0
0.9872358645366236,0.0367965367965368,2,923,34.0
0.9885416059035298,0.036756756756756756,2,924,34.0
0.9869090697148826,0.0367170626349892,2,925,34.0
0.9863202553492014,0.036677454153182305,2,926,34.0
0.986741474766998,0.036637931034482756,2,927,34.0
0.9884409177750361,0.03659849300322928,2,928,34.0
0.9883826476902533,0.03655913978494624,2,929,34.0
0.9877987785448361,0.036519871106337275,2,930,34.0
0.9898302788569561,0.03648068669527897,2,931,34.0
0.9882891811299751,0.03644158628081458,2,932,34.0
0.9859475375135404,0.03640256959314775,2,933,34.0
0.9864331705750803,0.03636363636363636,2,934,34.0
0.9859112823326361,0.03632478632478633,2,935,34.0
0.9848364220343829,0.03628601921024546,2,936,34.0
0.9856077653448999,0.03624733475479744,2,937,34.0
0.9858827312111687,0.0362087326943557,2,938,34.0
0.9852976659325007,0.036170212765957444,2,939,34.0
0.9839527115599147,0.036131774707757705,2,940,34.0
0.9843651368430572,0.03662420382165605,1,941,34.5
0.9850712196013982,0.036585365853658534,2,942,34.5
0.9849819748096814,0.036546610169491525,2,943,34.5
0.9869519801231608,0.03650793650793651,2,944,34.5
0.9850946474102122,0.037209302325581325,0,945,35.19999999999993
0.9834994839272819,0.03717001055966202,2,946,35.19999999999993
0.9827870287017455,0.03713080168776364,2,947,35.19999999999993
0.9827571308671225,0.03709167544783976,2,948,35.19999999999993
0.9830314280444441,0.037052631578947295,2,949,35.19999999999993
0.9827956052411835,0.03701366982124073,2,950,35.19999999999993
0.983183483173193,0.03697478991596632,2,951,35.19999999999993
0.9818878662714474,0.03693599160545638,2,952,35.19999999999993
0.9834202318246987,0.03689727463312362,2,953,35.19999999999993
0.9833515706621676,0.03685863874345543,2,954,35.19999999999993
0.9845377048263161,0.036820083682008294,2,955,35.19999999999993
0.984911986583423,0.03678160919540223,2,956,35.19999999999993
0.9854045139660644,0.03674321503131517,2,957,35.19999999999993
0.9860138599162898,0.03670490093847751,2,958,35.19999999999993
0.9864947918955617,0.0366666666666666,2,959,35.19999999999993
0.9871776513835658,0.036628511966701284,2,960,35.19999999999993
0.9885726356650095,0.036590436590436516,2,961,35.19999999999993
0.9887885739142686,0.03655244029075798,2,962,35.19999999999993
0.9895356851006527,0.03651452282157669,2,963,35.19999999999993
0.9894535385935149,0.036476683937823766,2,964,35.19999999999993
0.9909552608262852,0.036438923395445064,2,965,35.19999999999993
0.9902651392514293,0.036401240951396,2,966,35.19999999999993
0.9921356715795898,0.03636363636363629,2,967,35.19999999999993
0.9921023448280687,0.0363261093911248,2,968,35.19999999999993
0.9906354608621448,0.03628865979381436,2,969,35.19999999999993
0.9900561291979313,0.03697219361483005,0,970,35.89999999999998
0.9893656890881856,0.0369341563786008,2,971,35.89999999999998
0.9897267146379292,0.03741007194244602,1,972,36.39999999999998
0.989067217005547,0.03737166324435316,2,973,36.39999999999998
0.9886208060822441,0.03733333333333331,2,974,36.39999999999998
0.9866964602451255,0.03729508196721309,2,975,36.39999999999998
0.9862471227021428,0.03725690890481062,2,976,36.39999999999998
0.9837827807294116,0.037218813905930445,2,977,36.39999999999998
0.9821814675483951,0.037180796731358504,2,978,36.39999999999998
0.9829755830469624,0.037142857142857116,2,979,36.39999999999998
0.9837939567223997,0.037104994903160014,2,980,36.39999999999998
0.9842437159943574,0.03706720977596739,2,981,36.39999999999998
0.9832760457409255,0.03702950152594097,2,982,36.39999999999998
0.9832445544788494,0.03699186991869916,2,983,36.39999999999998
0.9832579076833474,0.03695431472081216,2,984,36.39999999999998
0.9821000754349946,0.03691683569979714,2,985,36.39999999999998
0.9836414110239835,0.03687943262411345,2,986,36.39999999999998
0.9845459868130034,0.03684210526315787,2,987,36.39999999999998
0.9843381908972879,0.036804853387259834,2,988,36.39999999999998
0.9843811683196083,0.03676767676767675,2,989,36.39999999999998
0.984607204282906,0.03673057517658928,2,990,36.39999999999998
0.982060488483806,0.037197580645161266,1,991,36.89999999999998
0.981829634635866,0.03716012084592143,2,992,36.89999999999998
0.9806587957197356,0.037625754527162956,1,993,37.39999999999998
0.9796715808397208,0.03758793969849244,2,994,37.39999999999998
0.9794097616893938,0.03755020080321283,2,995,37.39999999999998
0.9812335096985815,0.037512537612838494,2,996,37.39999999999998
0.9818944409125779,0.037474949899799576,2,997,37.39999999999998
0.9813408138548249,0.03743743743743742,2,998,37.39999999999998
0.9819320558223261,0.037399999999999975,2,999,37.39999999999998
